iter	MAE	RMSE
0	0.1377323329	0.163929861
5	0.1295113396	0.1542686612
10	0.1217893754	0.1451973332
15	0.1146073792	0.136745391
20	0.1078975611	0.128861369
25	0.1016000802	0.1214792264
30	0.09571915349	0.1145694289
35	0.09019559314	0.1080769249
40	0.08497642487	0.1019680307
45	0.08007560597	0.09623383707
50	0.07551487007	0.09089752912
55	0.07123669001	0.08590188355
60	0.06716816785	0.08117874868
65	0.06341402059	0.07679460386
70	0.05982477182	0.07265034181
75	0.05644679033	0.06876646002
80	0.05332088908	0.06515559328
85	0.05034540655	0.06171890107
90	0.0475699723	0.05853810589
95	0.044988508	0.05555740356
100	0.0425643711	0.05277335476
105	0.04029343318	0.05017292438
110	0.03812897326	0.04770910276
115	0.03611619157	0.04540714896
120	0.03422052377	0.04322790184
125	0.03248705583	0.041237858
130	0.03083618173	0.03935887309
135	0.02928639071	0.03757823277
140	0.027822291	0.03590149943
145	0.02646858311	0.03435183285
150	0.02520018402	0.03289642182
155	0.024017285	0.03152697143
160	0.0229184446	0.03025018608
165	0.02186273326	0.02903617792
170	0.02089098724	0.02791668464
175	0.01998477564	0.02686548736
180	0.01912802799	0.02587397827
185	0.0183286419	0.02494859095
190	0.01758830491	0.02408154469
195	0.01689147483	0.02325588413
200	0.01623054092	0.0224880196
205	0.01562716916	0.02177544699
210	0.01506816149	0.02110069081
215	0.01453882122	0.02045994928
220	0.01405354765	0.01987088319
225	0.01360240693	0.01930591793
230	0.01316522816	0.01876680784
235	0.01278768275	0.01829015688
240	0.01241089189	0.01781654059
245	0.01205480839	0.01735427296
250	0.01173228395	0.01693460299
255	0.01143043189	0.01653028394
260	0.01114446721	0.01614796525
265	0.0108766617	0.01578478167
270	0.01063059682	0.01545008428
275	0.01039239457	0.01512229111
280	0.01018432039	0.01483015646
285	0.009976783829	0.01453775927
290	0.009779695413	0.01424971904
295	0.009586243264	0.01397286982
300	0.009420788496	0.0137301377
305	0.009262220242	0.01349636227
310	0.009115849457	0.01328545762
315	0.008978044538	0.01308685571
320	0.00883819699	0.01287844985
325	0.00870202536	0.01266723482
330	0.008573354256	0.01246852773
335	0.008446925789	0.012275918
340	0.008332059785	0.01210567838
345	0.008218252706	0.011929241
350	0.008096378318	0.01174514715
355	0.007991309707	0.01158790897
360	0.00789904558	0.01144340084
365	0.007813701204	0.01130287789
370	0.007735054998	0.01117694385
375	0.00764034473	0.01102722243
380	0.007566917347	0.01091033518
385	0.007484098998	0.01077467542
390	0.007401864341	0.01065046198
395	0.007317885023	0.0105166062
400	0.007240614371	0.010396003
405	0.007166841787	0.01028344475
410	0.007094087895	0.01017066654
415	0.007022153854	0.01005736338
420	0.006964445333	0.009968523312
425	0.006902906371	0.009874599434
430	0.006836008639	0.009771613789
435	0.006784475823	0.009688753743
440	0.006725073371	0.009596315297
445	0.006661961181	0.009500550306
450	0.006608412558	0.009414816354
455	0.006549685929	0.009324191865
460	0.006488849613	0.009231369255
465	0.006441044028	0.009155998641
470	0.006379338879	0.00906500141
475	0.006324916176	0.008979020933
480	0.006285076439	0.008914834544
485	0.006224589988	0.008826265402
490	0.006183858677	0.008761112288
495	0.006141127304	0.008696066663
500	0.006091036515	0.008616142322
505	0.006037625506	0.008537423605
510	0.005987348705	0.008461120672
515	0.005948378383	0.008403987881
520	0.005906881451	0.008339657243
525	0.005858082831	0.008261979551
530	0.005820172017	0.008202603895
535	0.005777384082	0.008140368852
540	0.005737257456	0.008076234978
545	0.005703323444	0.008025837137
550	0.005669860583	0.007974039428
555	0.005621471306	0.007901545501
560	0.005575955588	0.007834220054
565	0.005526604182	0.007764190814
570	0.005490210617	0.007706355797
575	0.005448807565	0.007646938528
580	0.005400695847	0.007577980948
585	0.005366963008	0.007526863105
590	0.005325480653	0.007466468101
595	0.005298082707	0.007421051101
600	0.005261536951	0.007367501516
605	0.005222784711	0.007310517029
610	0.005185099561	0.007255011868
615	0.005145018999	0.007199052512
620	0.005109357236	0.007149925405
625	0.005076527049	0.007100669801
630	0.005048422375	0.007058435116
635	0.005020730541	0.007013249406
640	0.004996740282	0.006978546465
645	0.004964784758	0.006934464567
650	0.004937666704	0.006893543496
655	0.004904659251	0.006845985243
660	0.004877236523	0.006803739378
665	0.004845327939	0.006757615817
670	0.00479381903	0.006684320194
675	0.00476356939	0.006639519896
680	0.004722807758	0.006584035145
685	0.004684864582	0.00652918236
690	0.004647755251	0.006477561264
695	0.004617401527	0.006435684849
700	0.004591623456	0.006396072016
705	0.00456229921	0.006353318312
710	0.004536416763	0.00631475542
715	0.004512962089	0.006279706853
720	0.004490122012	0.006245621419
725	0.0044579831	0.006198751386
730	0.004427344527	0.00615555543
735	0.004402540831	0.006118642592
740	0.004372935818	0.006077381747
745	0.004349884656	0.006040350934
750	0.004324641005	0.006004620045
755	0.004298425311	0.005965642135
760	0.004274474412	0.005932975139
765	0.004248851157	0.005893794911
770	0.004223747743	0.005860703948
775	0.004197519804	0.005820660073
780	0.004179481336	0.005794261313
785	0.004147447967	0.005750611726
790	0.004127881462	0.005722461523
795	0.004094897917	0.005675757576
800	0.004073315897	0.005644765461
805	0.004048920669	0.005611429797
810	0.004023060672	0.005574580523
815	0.003997824018	0.005539478194
820	0.003977981411	0.005511521063
825	0.003957246356	0.005479879658
830	0.00392884488	0.005442381211
835	0.003905291952	0.005409173166
840	0.003881869058	0.005377513016
845	0.003847083707	0.005328378589
850	0.003817505226	0.005287615609
855	0.003794792266	0.005253256564
860	0.003769725588	0.005218126354
865	0.003739186727	0.005176001304
870	0.003709116685	0.005135554815
875	0.003686714231	0.005104243558
880	0.003662570322	0.005072494089
885	0.003643194203	0.005045633058
890	0.003616161574	0.00500739757
895	0.003590330441	0.004973563184
900	0.003565301665	0.004936067558
905	0.003547679536	0.004910736798
910	0.003518063444	0.004869406386
915	0.003494535007	0.004837668284
920	0.003479165427	0.004815560556
925	0.003454418293	0.004779664289
930	0.003422673854	0.004737357295
935	0.003406331066	0.0047146971
940	0.003383216928	0.004683637374
945	0.003356747874	0.004649492065
950	0.003328785186	0.004612273636
955	0.003304327566	0.004577795073
960	0.003283826338	0.004551027217
965	0.003258661114	0.004517902496
970	0.003242758865	0.004494744318
975	0.003222526158	0.004466238223
980	0.00319717609	0.00443377675
985	0.003178292405	0.004407749235
990	0.003158535224	0.004379507494
995	0.003137584419	0.004351350076
1000	0.003118617642	0.004323437078
1005	0.003094686277	0.004289726985
1010	0.003073826145	0.004261258828
1015	0.003050420161	0.004231042587
1020	0.003030890392	0.004206120443
1025	0.00301286621	0.004182558526
1030	0.002993849285	0.004155844528
1035	0.00297601024	0.004132415413
1040	0.002961999304	0.004112797966
1045	0.002941301568	0.004085043831
1050	0.002918870833	0.004055297113
1055	0.002896341553	0.004022748584
1060	0.00288026233	0.004000166555
1065	0.00286360029	0.003976691158
1070	0.002839780882	0.003944843225
1075	0.00282355005	0.003922855026
1080	0.002807823025	0.003900550911
1085	0.002789463264	0.00387557789
1090	0.002773746151	0.003852588191
1095	0.002759571944	0.00383287282
1100	0.002736885516	0.003801035447
1105	0.00271815898	0.003775198636
1110	0.002698575856	0.003748416534
1115	0.002682587015	0.00372609844
1120	0.002670610545	0.003709063953
1125	0.002652095094	0.003684260534
1130	0.002635735979	0.003660966926
1135	0.00261037658	0.003626591416
1140	0.002598850853	0.003609274894
1145	0.002582855598	0.00358784708
1150	0.002566869089	0.003567230554
1155	0.00254534159	0.003539155844
1160	0.002525339503	0.003512729489
1165	0.002508340134	0.003491576664
1170	0.002496265702	0.003476145049
1175	0.002483399991	0.003457830036
1180	0.002471098729	0.003443097661
1185	0.002450690799	0.003415244213
1190	0.00243360411	0.003391715835
1195	0.002419942601	0.00337172427
1200	0.002403475756	0.003348187529
1205	0.002387076115	0.00332500363
1210	0.002370471657	0.003303124003
1215	0.002353651449	0.003280510082
1220	0.002337858532	0.003259008315
1225	0.002322658491	0.003237948545
1230	0.0023099578	0.003219907993
1235	0.002290670896	0.003193214249
1240	0.002278587134	0.003176481685
1245	0.002262717101	0.003155845241
1250	0.002241504334	0.003128188663
1255	0.002223108129	0.003104146928
1260	0.002211367818	0.003089378269
1265	0.002191885864	0.003063754668
1270	0.002183162412	0.003051265816
1275	0.002165572354	0.003026581689
1280	0.002147662898	0.003002324058
1285	0.002128641017	0.002977544306
1290	0.002115230245	0.002958479776
1295	0.002100612584	0.002938205706
1300	0.002087460713	0.002919855143
1305	0.00207624141	0.00290407513
1310	0.002063450337	0.00288573732
1315	0.002049594507	0.002867278161
1320	0.00203950279	0.002853638525
1325	0.002027375149	0.00283613795
1330	0.002015096629	0.002820163009
1335	0.00200410605	0.002806955205
1340	0.001991286842	0.00279045225
1345	0.001976126161	0.002768294216
1350	0.001966439121	0.002755222396
1355	0.001950725216	0.002733636781
1360	0.001937367653	0.002716258327
1365	0.00192801663	0.002704226734
1370	0.001912745596	0.002683043536
1375	0.001901235321	0.002667008201
1380	0.001887957935	0.00264846511
1385	0.001877364016	0.002634098958
1390	0.001866908585	0.002618543446
1395	0.001855232999	0.002602298749
1400	0.001845069414	0.00258815973
1405	0.001838963683	0.002579828094
1410	0.001825882222	0.002561699186
1415	0.001811629441	0.002541918181
1420	0.001799162576	0.002525891401
1425	0.001790949344	0.002514319103
1430	0.001777691638	0.002495861547
1435	0.001762616383	0.002477507476
1440	0.001751361218	0.002461619423
1445	0.001737552621	0.002441887267
1450	0.001726115235	0.002426852091
1455	0.001711267975	0.002407151813
1460	0.001703053576	0.002396328516
1465	0.001692643045	0.002382397894
1470	0.001682917083	0.002368285192
1475	0.001669657628	0.0023493582
1480	0.001659567806	0.002334874861
1485	0.001650801495	0.002321775118
1490	0.001637876453	0.00230463305
1495	0.00162839977	0.002292055791
1500	0.001619527333	0.00227930633
1505	0.001609783441	0.002265225313
1510	0.001598631632	0.002250127512
1515	0.001588881326	0.002235933414
1520	0.001579940665	0.002223691422
1525	0.00156940287	0.002208938647
1530	0.00155674737	0.00219188173
1535	0.001546260597	0.002176946942
1540	0.001538811529	0.002166563284
1545	0.001528633803	0.002151896899
1550	0.001519166596	0.002139345597
1555	0.001508440165	0.002124692409
1560	0.001500266876	0.002113780034
1565	0.001491809904	0.002101705334
1570	0.001484847003	0.002092100952
1575	0.001475881123	0.002079253896
1580	0.001467902884	0.002067436025
1585	0.001458716735	0.002055771543
1590	0.001451130491	0.002046019315
1595	0.001441017344	0.002031521625
1600	0.001433409088	0.002021291708
1605	0.001424620327	0.002009757432
1610	0.001415368141	0.001996357662
1615	0.001407135229	0.001984877093
1620	0.001397499357	0.001972030744
1625	0.001388166556	0.001959034831
1630	0.001379333334	0.001947065995
1635	0.001371838054	0.001937129775
1640	0.001360451253	0.001921291404
1645	0.001350664356	0.001907931783
1650	0.001343008139	0.001896939457
1655	0.001335260519	0.001886128908
1660	0.001326920461	0.001874168693
1665	0.001320441248	0.001865097023
1670	0.001312443037	0.001854371227
1675	0.00130284084	0.001840897928
1680	0.001294986803	0.001829610574
1685	0.001285509828	0.001816112161
1690	0.001278910058	0.001806795344
1695	0.001270374367	0.001795584112
1700	0.001262543654	0.001784868821
1705	0.001255939073	0.001775288381
1710	0.001249861185	0.001767124462
1715	0.001243550783	0.00175873325
1720	0.001237711969	0.001750325478
1725	0.001230487252	0.001740869777
1730	0.001223899727	0.001731924514
1735	0.001216041171	0.001721268891
1740	0.00120751736	0.001709390504
1745	0.001201342312	0.001701397199
1750	0.001193198907	0.001691151837
1755	0.001185933299	0.001682181774
1760	0.001178508795	0.001671819596
1765	0.001169350052	0.001660293484
1770	0.001160813777	0.001648499581
1775	0.001152600254	0.001637525514
1780	0.001144376671	0.001626592236
1785	0.001138890493	0.001618520213
1790	0.001129913607	0.001605763022
1795	0.001122898518	0.001596300191
1800	0.001117005256	0.001587984648
1805	0.001109865309	0.001578405405
1810	0.001103043155	0.001568704328
1815	0.001096910164	0.001560434134
1820	0.001090599251	0.001551088874
1825	0.001082148037	0.001538973871
1830	0.001073349874	0.001527293665
1835	0.001068170848	0.001520200664
1840	0.001060195014	0.0015093601
1845	0.001054153425	0.001501015125
1850	0.001047846594	0.001492989217
1855	0.001041310309	0.001483914624
1860	0.001034108334	0.001473752413
1865	0.001028411653	0.001466483263
1870	0.00102109065	0.001456611076
1875	0.001013088576	0.001445771127
1880	0.001006766803	0.001436681189
1885	0.001001936476	0.001429825949
1890	0.0009969270619	0.001422643215
1895	0.0009914626772	0.001414742754
1900	0.0009862593065	0.001407548589
1905	0.0009798088849	0.001398804817
1910	0.0009719496727	0.001388170848
1915	0.000965307627	0.001378392888
1920	0.0009593097707	0.001370142039
1925	0.0009522268948	0.001360294822
1930	0.0009455852864	0.001351168293
1935	0.0009388811397	0.001342209453
1940	0.0009345993723	0.001336048408
1945	0.0009274523545	0.001325422844
1950	0.0009224962219	0.001318267312
1955	0.0009162002512	0.001308982517
1960	0.0009097211844	0.001300351959
1965	0.0009049431915	0.001293514735
1970	0.0008999201472	0.001286238533
1975	0.0008948430196	0.001278796704
1980	0.0008884909976	0.001270015894
1985	0.0008836101589	0.001263628267
1990	0.0008774505628	0.001255372489
1995	0.0008726069702	0.001248873551
2000	0.0008682667462	0.001242566511
2005	0.0008628122014	0.001234709453
2010	0.0008576175774	0.001227094582
2015	0.000853102931	0.001220861953
2020	0.0008472768002	0.001212836305
2025	0.0008411995682	0.001204422208
2030	0.0008359520999	0.001196785145
2035	0.0008306098035	0.001189200433
2040	0.00082636346	0.001182695255
2045	0.0008194937104	0.00117304188
2050	0.0008158054019	0.001167666112
2055	0.0008109074344	0.001161003072
2060	0.0008065063485	0.001154679393
2065	0.0008016998562	0.001147638839
2070	0.0007962642624	0.001140377383
2075	0.0007919103354	0.001134744526
2080	0.0007889299209	0.001130540675
2085	0.0007833437393	0.0011230553
2090	0.00077911693	0.001117492524
2095	0.0007747734989	0.001111486821
2100	0.0007703650512	0.001105367228
2105	0.0007667713521	0.001100307973
2110	0.0007617233799	0.001093279075
2115	0.0007569436377	0.001086685783
2120	0.0007526818418	0.001080674332
2125	0.0007473635258	0.001072754435
2130	0.0007429441448	0.001066619363
2135	0.0007401003964	0.001062517048
2140	0.0007358973488	0.001056558104
2145	0.0007317923362	0.001050955756
2150	0.0007266539093	0.001043857585
2155	0.0007218347344	0.001036985555
2160	0.0007188497279	0.00103267228
2165	0.0007125128668	0.001024103832
2170	0.0007066489797	0.001015977814
2175	0.0007024591248	0.00101013824
2180	0.0006965216203	0.00100164668
2185	0.0006924717844	0.0009962820332
2190	0.0006888396002	0.0009913663958
2195	0.0006851633183	0.0009863338939
2200	0.0006810636267	0.0009805945366
2205	0.0006775239381	0.0009755710034
2210	0.0006730080526	0.0009692862581
2215	0.0006689528958	0.0009636958491
2220	0.000665719558	0.0009592377303
2225	0.0006596930564	0.0009510475586
2230	0.0006543549876	0.0009436198811
2235	0.0006508541486	0.0009388310354
2240	0.0006476039006	0.0009339515998
2245	0.0006449745176	0.0009302991383
2250	0.0006412947371	0.0009252420568
2255	0.0006368423376	0.0009190959338
2260	0.0006334384404	0.0009140629195
2265	0.0006299284174	0.0009090092819
2270	0.000625045465	0.0009023839598
2275	0.0006206308946	0.0008962897606
2280	0.0006171132913	0.0008911596588
2285	0.0006141830241	0.0008874435322
2290	0.0006101029395	0.0008819521711
2295	0.0006072990612	0.0008778592718
2300	0.0006043785612	0.0008737970966
2305	0.0006012559046	0.000869394573
2310	0.0005972838774	0.000863570324
2315	0.0005938114649	0.0008588561089
2320	0.0005906423419	0.0008545980568
2325	0.0005870350855	0.000849932775
2330	0.0005821155066	0.0008434943724
2335	0.0005779522196	0.0008380817
2340	0.0005743607072	0.0008330694612
2345	0.0005716047167	0.0008290978137
2350	0.0005671745118	0.0008232867723
2355	0.0005645593785	0.0008196625757
2360	0.0005619129031	0.0008157132619
2365	0.0005585572217	0.0008110481925
2370	0.0005545041788	0.0008054125072
2375	0.0005508833652	0.0008003146734
2380	0.0005482133103	0.0007965289568
2385	0.0005439139768	0.0007900248761
2390	0.0005395982069	0.0007841053749
2395	0.0005357108762	0.0007784236782
2400	0.000533806844	0.0007756190514
2405	0.0005304447484	0.0007707231078
2410	0.0005283987657	0.0007679644628
2415	0.0005247245612	0.0007631964908
2420	0.0005216186326	0.0007588854297
2425	0.000518721056	0.000754655975
2430	0.0005156605734	0.0007502686626
2435	0.000512093916	0.000745080882
2440	0.0005087438471	0.000740089898
2445	0.0005046184986	0.0007342173499
2450	0.0005004266758	0.0007281211151
2455	0.0004977622698	0.0007241306875
2460	0.0004949345934	0.000720155041
2465	0.0004925133073	0.0007168116955
2470	0.0004894571616	0.000712457394
2475	0.0004865519682	0.000708481221
2480	0.0004837073087	0.0007045629783
2485	0.0004803570211	0.0007001208113
2490	0.0004775822254	0.0006962167326
2495	0.0004747258673	0.0006922714875
2500	0.0004717219098	0.0006881674195
2505	0.0004688344283	0.0006841908196
2510	0.0004652672607	0.0006789714942
2515	0.0004630679204	0.0006759254037
2520	0.0004602631674	0.0006723909556
2525	0.000457930441	0.0006690036976
2530	0.0004549858148	0.0006646416261
2535	0.0004530245286	0.0006620711242
2540	0.0004503959474	0.0006582912496
2545	0.0004476486306	0.0006545051519
2550	0.000445229677	0.0006511940437
2555	0.0004423044392	0.0006470723294
2560	0.0004399546204	0.0006437318915
2565	0.0004378858964	0.0006407769195
2570	0.0004355387745	0.0006374818234
2575	0.0004325690017	0.0006334830454
2580	0.0004302937844	0.000630039441
2585	0.000427655181	0.0006263097764
2590	0.0004253631264	0.0006230681514
2595	0.0004225687236	0.0006190602055
2600	0.0004199002358	0.000615317928
2605	0.0004175863875	0.0006119850258
2610	0.0004156805696	0.0006091936931
2615	0.0004133521435	0.0006057760179
2620	0.0004110704391	0.0006027906166
2625	0.000408645873	0.0005994417648
2630	0.0004063355963	0.0005961992029
2635	0.0004031460645	0.0005915659377
2640	0.000400242839	0.0005874626671
2645	0.0003968809257	0.0005828699864
2650	0.0003945885795	0.0005796095054
2655	0.0003917807652	0.0005758085919
2660	0.0003897811032	0.0005729613067
2665	0.0003876770647	0.0005699899176
2670	0.0003856352366	0.0005669899953
2675	0.0003838071179	0.0005643540119
2680	0.0003809176684	0.0005602814342
2685	0.0003784287417	0.0005567897454
2690	0.000376326161	0.0005535311765
2695	0.000373396805	0.0005493204556
2700	0.0003707167644	0.0005454423224
2705	0.0003684233978	0.0005422629648
2710	0.0003657085893	0.0005384456431
2715	0.0003631973587	0.0005348985809
2720	0.0003609408009	0.0005316206269
2725	0.0003584460431	0.0005284144651
2730	0.0003564236398	0.0005254344279
2735	0.0003538833631	0.0005218579556
2740	0.000351948827	0.000518980829
2745	0.000350179748	0.0005164764934
2750	0.0003474659965	0.0005126678112
2755	0.0003452298839	0.0005095219072
2760	0.0003434543178	0.0005070070713
2765	0.0003420155335	0.0005049631986
2770	0.0003395220512	0.000501241994
2775	0.0003371320344	0.0004978445887
2780	0.0003349570753	0.0004946774061
2785	0.0003332922999	0.0004925229637
2790	0.0003316620008	0.0004902378325
2795	0.0003300157755	0.0004878660458
2800	0.0003280929016	0.0004850961261
2805	0.0003260988156	0.0004821140857
2810	0.0003240649323	0.0004791984578
2815	0.0003219902315	0.0004761565204
2820	0.000320452756	0.0004739162182
2825	0.0003184811561	0.0004709191954
2830	0.0003162837109	0.000467808858
2835	0.0003145773161	0.0004653450005
2840	0.0003126289312	0.0004625352995
2845	0.000311003552	0.0004603013632
2850	0.0003091686911	0.0004577552945
2855	0.0003071318195	0.0004547379896
2860	0.000305000466	0.0004516651907
2865	0.0003037150757	0.0004498245499
2870	0.0003020219284	0.0004473811156
2875	0.0003002836813	0.0004448099001
2880	0.0002982169618	0.0004418284825
2885	0.0002960934073	0.000438718909
2890	0.0002943228341	0.0004361890795
2895	0.0002929407936	0.0004341673861
2900	0.0002914376486	0.0004321135236
2905	0.0002894770002	0.0004292361698
2910	0.0002880516638	0.0004273564953
2915	0.0002859047304	0.0004241797252
2920	0.0002845240747	0.0004219997241
2925	0.0002832487613	0.0004202063274
2930	0.0002818874029	0.0004182441702
2935	0.0002795705297	0.0004149021474
2940	0.0002781106623	0.0004128080873
2945	0.0002757822727	0.0004093982656
2950	0.0002738745414	0.0004066487373
2955	0.0002724417886	0.0004045210377
2960	0.0002701912623	0.0004012474168
2965	0.0002683798168	0.000398443678
2970	0.0002663940583	0.0003956460225
2975	0.0002647591126	0.0003933037812
2980	0.0002631391819	0.0003910213302
2985	0.0002616776198	0.0003888872005
2990	0.0002598671766	0.0003862021313
2995	0.0002582052256	0.0003836883246
3000	0.0002566523342	0.0003814722223
3005	0.0002551401328	0.0003792137254
3010	0.0002531066505	0.0003762414787
3015	0.0002517659742	0.0003742052633
3020	0.0002502949002	0.0003722074889
3025	0.0002486699038	0.0003699499491
3030	0.0002472367137	0.0003679605788
3035	0.0002457620317	0.0003657443598
3040	0.0002442530192	0.0003635994426
3045	0.0002424919398	0.000361096357
3050	0.0002415004545	0.0003597657053
3055	0.0002402488116	0.0003579214021
3060	0.0002392722503	0.0003565819592
3065	0.0002372561336	0.0003537523472
3070	0.0002356861316	0.0003514827565
3075	0.0002343033257	0.0003495443243
3080	0.000232899783	0.0003473703922
3085	0.000231242588	0.0003449624018
3090	0.00022978283	0.0003428079884
3095	0.000228156558	0.0003404253839
3100	0.0002267943067	0.0003384217693
3105	0.0002255769944	0.0003366873603
3110	0.0002244752287	0.0003349972009
3115	0.0002231439914	0.0003330798171
3120	0.0002214670983	0.0003307278421
3125	0.0002201561059	0.0003289219384
3130	0.0002187963328	0.0003270474962
3135	0.0002174184287	0.0003251221726
3140	0.0002158803154	0.0003229641217
3145	0.000214804498	0.0003214969548
3150	0.00021334884	0.0003193990593
3155	0.0002119805572	0.0003173922526
3160	0.0002107996527	0.0003157575737
3165	0.0002095003589	0.0003138858433
3170	0.0002082780901	0.0003121092792
3175	0.0002069476182	0.0003100916788
3180	0.0002055972113	0.0003082631193
3185	0.0002046875799	0.0003069138604
3190	0.0002030077895	0.0003045234162
3195	0.0002016751856	0.0003026269378
3200	0.0002005375222	0.0003009856751
3205	0.0001991277658	0.000298895944
3210	0.0001978866918	0.0002971856424
3215	0.0001968759821	0.0002956794109
3220	0.0001955537102	0.0002938953762
3225	0.000194076222	0.0002918315381
3230	0.0001930307445	0.0002901719288
3235	0.0001920806053	0.0002887741791
3240	0.0001912217591	0.000287433096
3245	0.0001902154227	0.0002861254551
3250	0.0001891081357	0.0002844211514
3255	0.0001882581636	0.0002831600457
3260	0.0001868978257	0.0002811396915
3265	0.0001857319544	0.0002793944526
3270	0.0001846673984	0.0002777818739
3275	0.0001833382385	0.0002758746762
3280	0.0001825369742	0.0002746853973
3285	0.0001814648741	0.0002730548415
3290	0.0001801736345	0.0002712104597
3295	0.0001793063879	0.0002699568133
3300	0.0001783824521	0.0002686136764
3305	0.0001774320942	0.0002671578027
3310	0.0001762905495	0.0002653655674
3315	0.0001753449294	0.0002639864171
3320	0.0001743087088	0.0002624878743
3325	0.0001732096035	0.0002607471815
3330	0.0001721379226	0.0002591489079
3335	0.0001713865141	0.0002580685875
3340	0.0001704241478	0.0002566645116
3345	0.0001695321555	0.0002553913823
3350	0.0001683966241	0.0002537451071
3355	0.0001673968113	0.0002523018449
3360	0.0001664172251	0.0002508935393
3365	0.0001653802027	0.0002493455125
3370	0.0001644763295	0.0002480407375
3375	0.0001634433888	0.0002464970299
3380	0.0001623780492	0.0002448745759
3385	0.0001615064657	0.0002435760514
3390	0.0001605416758	0.0002422033776
3395	0.0001597525839	0.0002410098574
3400	0.0001588158562	0.0002396735618
3405	0.0001577405309	0.0002380576578
3410	0.0001564530268	0.000236121402
3415	0.0001555013205	0.0002347699308
3420	0.000154709313	0.0002335800246
3425	0.0001538758502	0.0002323494298
3430	0.0001525144189	0.0002303607393
3435	0.0001515975625	0.0002290128716
3440	0.0001506921131	0.0002276127481
3445	0.0001495365738	0.0002259295743
3450	0.0001487628158	0.0002248230099
3455	0.0001477765603	0.0002233159413
3460	0.0001466440083	0.0002216980206
3465	0.0001459995365	0.0002207459545
3470	0.0001451595593	0.0002194871554
3475	0.0001442422381	0.0002181785953
3480	0.0001435324673	0.0002170887036
3485	0.0001426452765	0.0002157785666
3490	0.0001420155919	0.0002148849468
3495	0.0001412341078	0.0002137336111
3500	0.000140508265	0.0002126755912
3505	0.0001396200446	0.0002113454656
3510	0.0001387095477	0.0002100898553
3515	0.0001380525573	0.0002091468354
3520	0.0001371621047	0.0002078474363
3525	0.0001361298109	0.0002063597137
3530	0.0001354844371	0.0002054579211
3535	0.0001345058713	0.0002040583698
3540	0.000133802788	0.000202975979
3545	0.000133158544	0.0002020112913
3550	0.0001323601406	0.0002008739488
3555	0.0001316976926	0.0001999486843
3560	0.0001307478632	0.0001985411748
3565	0.0001298329109	0.0001971658818
3570	0.0001291380913	0.0001961694726
3575	0.0001282467276	0.0001948799712
3580	0.0001273414969	0.0001935119241
3585	0.0001268226486	0.0001927125387
3590	0.0001262851317	0.0001919342612
3595	0.0001253308925	0.0001905242389
3600	0.0001245655258	0.0001893377493
3605	0.0001237839233	0.0001881440021
3610	0.0001229220795	0.0001869014401
3615	0.0001222458282	0.0001859220273
3620	0.0001216770057	0.0001850655992
3625	0.000120719122	0.0001837095387
3630	0.0001201330978	0.0001828092468
3635	0.0001194639532	0.0001818019114
3640	0.0001187022947	0.0001806814951
3645	0.0001178186664	0.0001793957747
3650	0.0001170565068	0.0001783378089
3655	0.000116357979	0.0001772772684
3660	0.0001156171212	0.0001762003597
3665	0.0001149162609	0.0001751745571
3670	0.0001139689461	0.0001738210443
3675	0.0001132231318	0.0001727275457
3680	0.0001122780948	0.0001712590009
3685	0.0001116125127	0.0001702723381
3690	0.0001107819107	0.0001690759699
3695	0.0001101832585	0.000168201709
3700	0.000109434966	0.0001671580469
3705	0.0001089141042	0.0001663881301
3710	0.000108279199	0.0001654225657
3715	0.0001076112479	0.0001644494317
3720	0.0001069926789	0.0001635366295
3725	0.0001064031924	0.0001626441778
3730	0.0001057520969	0.0001616695923
3735	0.0001049852087	0.0001605125867
3740	0.0001044135617	0.0001596260048
3745	0.0001037139588	0.0001585879582
3750	0.0001031646886	0.0001577354559
3755	0.0001024791896	0.0001567289092
3760	0.0001016907173	0.0001555826571
3765	0.0001010767676	0.0001546736719
3770	0.0001004685396	0.000153745721
3775	9.981183166e-05	0.0001527563962
3780	9.914737927e-05	0.000151768654
3785	9.848309088e-05	0.0001508041804
3790	9.806511126e-05	0.0001502185542
3795	9.747659056e-05	0.0001494133329
3800	9.700653204e-05	0.0001486484156
3805	9.65226338e-05	0.000148028306
3810	9.605414238e-05	0.0001473196239
3815	9.537585027e-05	0.0001462390322
3820	9.488066341e-05	0.0001455562009
3825	9.435364246e-05	0.000144800011
3830	9.371020021e-05	0.0001437819491
3835	9.319116055e-05	0.0001429910319
3840	9.276893517e-05	0.0001423396688
3845	9.227896896e-05	0.0001415517557
3850	9.175667665e-05	0.0001408123931
3855	9.113020833e-05	0.0001398827719
3860	9.059838584e-05	0.0001390912403
3865	9.004073346e-05	0.0001382083844
3870	8.949064326e-05	0.0001373359772
3875	8.889958969e-05	0.0001364888467
3880	8.836985363e-05	0.000135670061
3885	8.769989815e-05	0.0001346524802
3890	8.721577214e-05	0.0001339352869
3895	8.671483619e-05	0.0001332058248
3900	8.626576047e-05	0.0001325270281
3905	8.567110802e-05	0.0001316680905
3910	8.514414173e-05	0.0001308650922
3915	8.453276135e-05	0.0001299557477
3920	8.403889559e-05	0.0001292301663
3925	8.366356491e-05	0.0001285947124
3930	8.332987183e-05	0.0001280698475
3935	8.27337616e-05	0.0001271748513
3940	8.222527258e-05	0.0001263971347
3945	8.182515066e-05	0.0001258004925
3950	8.132559048e-05	0.0001250583363
3955	8.067441293e-05	0.0001241135138
3960	8.020921972e-05	0.0001233767511
3965	7.969399761e-05	0.0001226138988
3970	7.921610357e-05	0.0001218503826
3975	7.889634132e-05	0.000121392141
3980	7.841263441e-05	0.0001206914449
3985	7.796285714e-05	0.0001199848124
3990	7.752045073e-05	0.0001193069051
3995	7.703098563e-05	0.0001185892705
3999	7.682498425e-05	0.0001182835071
